MANAGER,PLAYER,POS,WC_PTS,DIV_PTS,CONF_PTS,SB_PTS,TOTAL_PTS
TEAM RAHEEM,ALLEN,QB,0,0,0,0,0
TEAM RAHEEM,JACKSON,QB,0,0,0,0,0
TEAM RAHEEM,GIBBS,RB,0,0,0,0,0
TEAM RAHEEM,JACOBS,RB,0,0,0,0,0
TEAM RAHEEM,BARKLEY,RB,0,0,0,0,0
TEAM RAHEEM,IRVING,RB,0,0,0,0,0
TEAM RAHEEM,WORTHY,WR,0,0,0,0,0
TEAM RAHEEM,NACUA,WR,0,0,0,0,0
TEAM RAHEEM,JEFFERSON,WR,0,0,0,0,0
TEAM RAHEEM,MCCONKEY,WR,0,0,0,0,0
TEAM RAHEEM,FREIERMUTH,TE,0,0,0,0,0
TEAM RAHEEM,ERTZ,TE,0,0,0,0,0
TEAM RAHEEM,FAIRBAIRN,K,0,0,0,0,0
TEAM RAHEEM,DENVER,DST,0,0,0,0,0
JACOBS LADDER,ALLEN,QB,0,0,0,0,0
JACOBS LADDER,MAYFIELD,QB,0,0,0,0,0
JACOBS LADDER,HENRY,RB,0,0,0,0,0
JACOBS LADDER,MIXON,RB,0,0,0,0,0
JACOBS LADDER,JACOBS,RB,0,0,0,0,0
JACOBS LADDER,BARKLEY,RB,0,0,0,0,0
JACOBS LADDER,ADDISON,WR,0,0,0,0,0
JACOBS LADDER,ST. BROWN,WR,0,0,0,0,0
JACOBS LADDER,NACUA,WR,0,0,0,0,0
JACOBS LADDER,WORTHY,WR,0,0,0,0,0
JACOBS LADDER,FREIERMUTH,TE,0,0,0,0,0
JACOBS LADDER,ERTZ,TE,0,0,0,0,0
JACOBS LADDER,LUTZ,K,0,0,0,0,0
JACOBS LADDER,LOS ANGELES A,DST,0,0,0,0,0
T CZAR,ALLEN,QB,0,0,0,0,0
T CZAR,HURTS,QB,0,0,0,0,0
T CZAR,MONTGOMERY,RB,0,0,0,0,0
T CZAR,JACOBS,RB,0,0,0,0,0
T CZAR,MIXON,RB,0,0,0,0,0
T CZAR,HENRY,RB,0,0,0,0,0
T CZAR,WORTHY,WR,0,0,0,0,0
T CZAR,NACUA,WR,0,0,0,0,0
T CZAR,JEFFERSON,WR,0,0,0,0,0
T CZAR,EVANS,WR,0,0,0,0,0
T CZAR,ERTZ,TE,0,0,0,0,0
T CZAR,FREIERMUTH,TE,0,0,0,0,0
T CZAR,DICKER,K,0,0,0,0,0
T CZAR,DENVER,DST,0,0,0,0,0
PAUL REVERE,ALLEN,QB,0,0,0,0,0
PAUL REVERE,GOFF,QB,0,0,0,0,0
PAUL REVERE,HENRY,RB,0,0,0,0,0
PAUL REVERE,JACOBS,RB,0,0,0,0,0
PAUL REVERE,JONES,RB,0,0,0,0,0
PAUL REVERE,BARKLEY,RB,0,0,0,0,0
PAUL REVERE,KUPP,WR,0,0,0,0,0
PAUL REVERE,SUTTON,WR,0,0,0,0,0
PAUL REVERE,COLLINS,WR,0,0,0,0,0
PAUL REVERE,MCMILLAN,WR,0,0,0,0,0
PAUL REVERE,KELCE,TE,0,0,0,0,0
PAUL REVERE,DISSLY,TE,0,0,0,0,0
PAUL REVERE,SLYE,K,0,0,0,0,0
PAUL REVERE,PITTSBURGH,DST,0,0,0,0,0
TEAM MADSEN,ALLEN,QB,0,0,0,0,0
TEAM MADSEN,DARNOLD,QB,0,0,0,0,0
TEAM MADSEN,HENRY,RB,0,0,0,0,0
TEAM MADSEN,MIXON,RB,0,0,0,0,0
TEAM MADSEN,JACOBS,RB,0,0,0,0,0
TEAM MADSEN,BARKLEY,RB,0,0,0,0,0
TEAM MADSEN,MCLAURIN,WR,0,0,0,0,0
TEAM MADSEN,ST. BROWN,WR,0,0,0,0,0
TEAM MADSEN,NACUA,WR,0,0,0,0,0
TEAM MADSEN,EVANS,WR,0,0,0,0,0
TEAM MADSEN,KELCE,TE,0,0,0,0,0
TEAM MADSEN,DISSLY,TE,0,0,0,0,0
TEAM MADSEN,LUTZ,K,0,0,0,0,0
TEAM MADSEN,PITTSBURGH,DST,0,0,0,0,0
ARNIE,ALLEN,QB,0,0,0,0,0
ARNIE,MAHOMES,QB,0,0,0,0,0
ARNIE,WILLIAMS,RB,0,0,0,0,0
ARNIE,JACOBS,RB,0,0,0,0,0
ARNIE,DOBBINS,RB,0,0,0,0,0
ARNIE,HENRY,RB,0,0,0,0,0
ARNIE,JEFFERSON,WR,0,0,0,0,0
ARNIE,ST. BROWN,WR,0,0,0,0,0
ARNIE,BROWN,WR,0,0,0,0,0
ARNIE,EVANS,WR,0,0,0,0,0
ARNIE,ERTZ,TE,0,0,0,0,0
ARNIE,FREIERMUTH,TE,0,0,0,0,0
ARNIE,FAIRBAIRN,K,0,0,0,0,0
ARNIE,DENVER,DST,0,0,0,0,0
BAKE SHOW,ALLEN,QB,0,0,0,0,0
BAKE SHOW,MAHOMES,QB,0,0,0,0,0
BAKE SHOW,BARKLEY,RB,0,0,0,0,0
BAKE SHOW,MIXON,RB,0,0,0,0,0
BAKE SHOW,HENRY,RB,0,0,0,0,0
BAKE SHOW,GIBBS,RB,0,0,0,0,0
BAKE SHOW,EVANS,WR,0,0,0,0,0
BAKE SHOW,JOHNSTON,WR,0,0,0,0,0
BAKE SHOW,JEFFERSON,WR,0,0,0,0,0
BAKE SHOW,NACUA,WR,0,0,0,0,0
BAKE SHOW,ERTZ,TE,0,0,0,0,0
BAKE SHOW,KRAFT,TE,0,0,0,0,0
BAKE SHOW,LUTZ,K,0,0,0,0,0
BAKE SHOW,PITTSBURGH,DST,0,0,0,0,0
NORTHTOWNS CHAMP,MAHOMES,QB,0,0,0,0,0
NORTHTOWNS CHAMP,STAFFORD,QB,0,0,0,0,0
NORTHTOWNS CHAMP,BARKLEY,RB,0,0,0,0,0
NORTHTOWNS CHAMP,COOK,RB,0,0,0,0,0
NORTHTOWNS CHAMP,DOBBINS,RB,0,0,0,0,0
NORTHTOWNS CHAMP,GIBBS,RB,0,0,0,0,0
NORTHTOWNS CHAMP,JEFFERSON,WR,0,0,0,0,0
NORTHTOWNS CHAMP,EVANS,WR,0,0,0,0,0
NORTHTOWNS CHAMP,MCLAURIN,WR,0,0,0,0,0
NORTHTOWNS CHAMP,SUTTON,WR,0,0,0,0,0
NORTHTOWNS CHAMP,KRAFT,TE,0,0,0,0,0
NORTHTOWNS CHAMP,LIKELY,TE,0,0,0,0,0
NORTHTOWNS CHAMP,FAIRBAIRN,K,0,0,0,0,0
NORTHTOWNS CHAMP,PITTSBURGH,DST,0,0,0,0,0
OJS GLOVES,ALLEN,QB,0,0,0,0,0
OJS GLOVES,GOFF,QB,0,0,0,0,0
OJS GLOVES,JACOBS,RB,0,0,0,0,0
OJS GLOVES,BARKLEY,RB,0,0,0,0,0
OJS GLOVES,MIXON,RB,0,0,0,0,0
OJS GLOVES,HENRY,RB,0,0,0,0,0
OJS GLOVES,MCCONKEY,WR,0,0,0,0,0
OJS GLOVES,NACUA,WR,0,0,0,0,0
OJS GLOVES,JEFFERSON,WR,0,0,0,0,0
OJS GLOVES,EVANS,WR,0,0,0,0,0
OJS GLOVES,KELCE,TE,0,0,0,0,0
OJS GLOVES,ERTZ,TE,0,0,0,0,0
OJS GLOVES,LUTZ,K,0,0,0,0,0
OJS GLOVES,PITTSBURGH,DST,0,0,0,0,0
LET'S GLOW BUFFALO,ALLEN,QB,0,0,0,0,0
LET'S GLOW BUFFALO,HURTS,QB,0,0,0,0,0
LET'S GLOW BUFFALO,HENRY,RB,0,0,0,0,0
LET'S GLOW BUFFALO,MIXON,RB,0,0,0,0,0
LET'S GLOW BUFFALO,JACOBS,RB,0,0,0,0,0
LET'S GLOW BUFFALO,ROBINSON,RB,0,0,0,0,0
LET'S GLOW BUFFALO,ST. BROWN,WR,0,0,0,0,0
LET'S GLOW BUFFALO,JEFFERSON,WR,0,0,0,0,0
LET'S GLOW BUFFALO,MCCONKEY,WR,0,0,0,0,0
LET'S GLOW BUFFALO,EVANS,WR,0,0,0,0,0
LET'S GLOW BUFFALO,KELCE,TE,0,0,0,0,0
LET'S GLOW BUFFALO,FREIERMUTH,TE,0,0,0,0,0
LET'S GLOW BUFFALO,KARTY,K,0,0,0,0,0
LET'S GLOW BUFFALO,DENVER,DST,0,0,0,0,0
JA4MVP,ALLEN,QB,0,0,0,0,0
JA4MVP,HURTS,QB,0,0,0,0,0
JA4MVP,HENRY,RB,0,0,0,0,0
JA4MVP,GIBBS,RB,0,0,0,0,0
JA4MVP,WILLIAMS,RB,0,0,0,0,0
JA4MVP,JACOBS,RB,0,0,0,0,0
JA4MVP,JEFFERSON,WR,0,0,0,0,0
JA4MVP,COLLINS,WR,0,0,0,0,0
JA4MVP,MCCONKEY,WR,0,0,0,0,0
JA4MVP,EVANS,WR,0,0,0,0,0
JA4MVP,KELCE,TE,0,0,0,0,0
JA4MVP,ERTZ,TE,0,0,0,0,0
JA4MVP,LUTZ,K,0,0,0,0,0
JA4MVP,PITTSBURGH,DST,0,0,0,0,0
WE AINT JOSHING AROUND,ALLEN,QB,0,0,0,0,0
WE AINT JOSHING AROUND,STAFFORD,QB,0,0,0,0,0
WE AINT JOSHING AROUND,HENRY,RB,0,0,0,0,0
WE AINT JOSHING AROUND,JACOBS,RB,0,0,0,0,0
WE AINT JOSHING AROUND,BARKLEY,RB,0,0,0,0,0
WE AINT JOSHING AROUND,HARRIS,RB,0,0,0,0,0
WE AINT JOSHING AROUND,ST. BROWN,WR,0,0,0,0,0
WE AINT JOSHING AROUND,COLLINS,WR,0,0,0,0,0
WE AINT JOSHING AROUND,MCCONKEY,WR,0,0,0,0,0
WE AINT JOSHING AROUND,EVANS,WR,0,0,0,0,0
WE AINT JOSHING AROUND,HOCKENSON,TE,0,0,0,0,0
WE AINT JOSHING AROUND,ERTZ,TE,0,0,0,0,0
WE AINT JOSHING AROUND,LUTZ,K,0,0,0,0,0
WE AINT JOSHING AROUND,KANSAS CITY,DST,0,0,0,0,0
BILL ME LATER,ALLEN,QB,0,0,0,0,0
BILL ME LATER,GOFF,QB,0,0,0,0,0
BILL ME LATER,HENRY,RB,0,0,0,0,0
BILL ME LATER,BARKLEY,RB,0,0,0,0,0
BILL ME LATER,IRVING,RB,0,0,0,0,0
BILL ME LATER,JACOBS,RB,0,0,0,0,0
BILL ME LATER,COLLINS,WR,0,0,0,0,0
BILL ME LATER,MCCONKEY,WR,0,0,0,0,0
BILL ME LATER,NACUA,WR,0,0,0,0,0
BILL ME LATER,JEFFERSON,WR,0,0,0,0,0
BILL ME LATER,ERTZ,TE,0,0,0,0,0
BILL ME LATER,KELCE,TE,0,0,0,0,0
BILL ME LATER,BOSWELL,K,0,0,0,0,0
BILL ME LATER,DENVER,DST,0,0,0,0,0
